Tagtune,0,none
Twitterbridge,0,none
Kazu,0,none
Buzzster,0,none
Jaxbean,0,none
Feedfire,0,none
Shufflester,0,none
Skyba,0,none
Shufflebeat,0,none
Eayo,0.7083333333333333,ebay.com
Bubblebox,0,none
Gabvine,0,none
Flashset,0,none
Jamia,0,none
Roomm,0,none
Realfire,0.7568681318681318,angelfire.com
Aimbo,0.7071428571428571,ibm.com
Vipe,0,none
Riffpedia,0,none
Tanoodle,0,none
Cogilith,0,none
Roodel,0,none
Buzzshare,0,none
Yakitri,0,none
Thoughtstorm,0,none
Oyope,0,none
Brainbox,0,none
Yambee,0,none
Yata,0,none
Thoughtbridge,0,none
Innojam,0,none
Skiba,0,none
Babbleblab,0,none
Feednation,0,none
Vinte,0,none
Tagpad,0,none
Oyoloo,0,none
Devbug,0,none
Trudeo,0,none
Dablist,0,none
Blogtags,0,none
Feedfish,0,none
Gabcube,0,none
Gevee,0,none
Thoughtsphere,0,none
Rhynyx,0,none
Centidel,0,none
Yambee,0,none
Mycat,0,none
Zoombox,0,none
Oyoba,0,none
Jabberbean,0,none
Lazz,0,none
Oyoba,0,none
Voonix,0,none
Dablist,0,none
Agimba,0,none
Izio,0,none
Quimba,0,none
Oba,0,none
Digitube,0,none
Divanoodle,0,none
Mydeo,0,none
Oyoba,0,none
Oyoloo,0,none
Leexo,0,none
Youfeed,0,none
Mynte,0,none
Oyoloo,0,none
Blogpad,0,none
Plajo,0,none
Quimba,0,none
Tagtune,0,none
Fivebridge,0,none
Gabspot,0,none
Jetpulse,0,none
Brainverse,0,none
Bubblebox,0,none
Blogtag,0,none
Abatz,0,none
Photobean,0,none
Topiclounge,0,none
Mydeo,0,none
Thoughtstorm,0,none
Twitterlist,0,none
Tambee,0,none
Kamba,0,none
Skajo,0,none
Dabfeed,0,none
Talane,0.7037037037037037,amazon.de
Youtags,0,none
Jaxspan,0,none
Meedoo,0,none
Mudo,0.7261904761904763,hud.gov
Rhybox,0,none
Leexo,0,none
Omba,0,none
Zooxo,0,none
Demimbu,0,none
Rhyzio,0,none
JumpXS,0,none
Skiba,0,none
Kwinu,0,none
Skimia,0,none
Kayveo,0.7037037037037037,naver.com
Jaloo,0.7071428571428571,aol.com
Browsezoom,0,none
Brainsphere,0,none
Realbuzz,0,none
Oyope,0,none
Tazzy,0,none
Buzzbean,0,none
Quinu,0,none
Ainyx,0,none
Oyoyo,0,none
Demivee,0,none
Janyx,0,none
Kazio,0,none
Jabbersphere,0,none
Feednation,0,none
Tazz,0,none
Yotz,0,none
Skyba,0,none
Blognation,0,none
Rhynoodle,0,none
Dabtype,0,none
Divape,0,none
Devpulse,0,none
Jatri,0,none
Podcat,0,none
Tagcat,0,none
Youspan,0,none
Trudeo,0,none
Livepath,0,none
Skinte,0,none
Podcat,0,none
Thoughtworks,0.7227668845315903,howstuffworks.com
Voonix,0,none
Mynte,0,none
Eamia,0,none
Latz,0,none
Flashspan,0,none
Mydeo,0,none
Yabox,0,none
Vitz,0,none
Eare,0,none
Trilith,0,none
Zoomdog,0.7380952380952381,joomla.org
Thoughtstorm,0,none
Thoughtstorm,0,none
Gevee,0,none
Muxo,0,none
Nlounge,0,none
Rhynyx,0,none
Yambee,0,none
Midel,0,none
Avavee,0,none
Centimia,0,none
Youspan,0,none
Dabtype,0,none
Midel,0,none
Oyoyo,0,none
Twitterlist,0,none
Camido,0,none
Skyba,0,none
Skimia,0,none
Devshare,0,none
Eire,0,none
Demivee,0,none
Dabjam,0,none
Jamia,0,none
Eimbee,0,none
Brainlounge,0,none
Blogpad,0,none
Skipfire,0,none
Skinte,0,none
Jaxnation,0,none
Trunyx,0,none
Voomm,0,none
Gigashots,0,none
Zoovu,0,none
Browsecat,0,none
Gabcube,0,none
Livetube,0,none
Aibox,0,none
Babbleset,0,none
Wikivu,0,none
Skyndu,0,none
Leenti,0,none
Linktype,0,none
Mita,0,none
Roombo,0,none
Aimbo,0.7071428571428571,ibm.com
Avaveo,0,none
Wordify,0,none
Meetz,0,none
Skyble,0,none
Tagchat,0,none
Trilith,0,none
Abata,0,none
Buzzdog,0,none
Twiyo,0,none
Jabbersphere,0,none
Camido,0,none
Talane,0.7037037037037037,amazon.de
Realbuzz,0,none
Yata,0,none
Divanoodle,0,none
Zoombeat,0,none
Yodoo,0,none
Tagchat,0,none
Tazz,0,none
Dablist,0,none
Riffpath,0,none
Kazu,0,none
Trilia,0,none
Voonyx,0,none
Kwilith,0,none
Quinu,0,none
Leenti,0,none
Edgewire,0,none
Kwilith,0,none
Plajo,0,none
Shuffledrive,0,none
Pixonyx,0,none
Topicware,0,none
Gigabox,0,none
Thoughtmix,0,none
Trudeo,0,none
Tagcat,0,none
Viva,0,none
Muxo,0,none
Kwideo,0.7296296296296296,wired.com
Skinix,0,none
Brightdog,0,none
Fivespan,0,none
Roombo,0,none
Dynazzy,0,none
Jayo,0.7083333333333333,ebay.com
Voolia,0.7037037037037037,google.it
Dabshots,0,none
Ntags,0,none
Geba,0.7083333333333333,ebay.com
Gevee,0,none
Quire,0,none
Trilith,0,none
Podcat,0,none
Zoombeat,0,none
Dazzlesphere,0,none
Thoughtbridge,0,none
Realcube,0,none
Wikido,0.7037037037037037,wikia.com
Devbug,0,none
Gigaclub,0,none
Dynava,0,none
Voonder,0,none
Browseblab,0,none
Tagcat,0,none
Twiyo,0,none
Thoughtbridge,0,none
Tambee,0,none
Wordtune,0,none
Janyx,0,none
Abatz,0,none
Blogspan,0,none
Twitterwire,0,none
Gigaclub,0,none
Babbleopia,0,none
Dynabox,0,none
Centidel,0,none
Roombo,0,none
Tagfeed,0,none
Trudoo,0,none
Blognation,0,none
Ntag,0,none
Katz,0,none
Yotz,0,none
Buzzdog,0,none
Wikizz,0,none
Divape,0,none
Tekfly,0,none
Nlounge,0,none
Divape,0,none
Gabtune,0.7380952380952381,jalbum.net
Flipstorm,0,none
Snaptags,0,none
Thoughtblab,0,none
Voolith,0.7566137566137565,google.it
Mymm,0,none
Bubbletube,0,none
Ntags,0,none
Izio,0,none
Twinte,0.7301587301587302,washington.edu
Gevee,0,none
Yamia,0,none
Camido,0,none
Eayo,0.7083333333333333,ebay.com
Zoonder,0,none
Zoozzy,0,none
Rhycero,0,none
